{
    "Alibaba_30s": {
        "total_train_time_ms": 195197.99375534058,
        "avg_epoch_time_ms": 3903.9598751068115,
        "epoch_times_ms": [
            4016.8404579162598,
            3786.3450050354004,
            3818.011999130249,
            3780.5254459381104,
            3985.2590560913086,
            4099.193096160889,
            3783.9252948760986,
            3735.609769821167,
            4248.401165008545,
            4049.6957302093506,
            4267.725467681885,
            4034.111738204956,
            3884.202241897583,
            3850.7931232452393,
            4007.2591304779053,
            3888.399362564087,
            3792.468786239624,
            3718.3144092559814,
            3791.1393642425537,
            3725.283622741699,
            3781.5704345703125,
            3802.719831466675,
            3732.6009273529053,
            3705.754041671753,
            3886.3143920898438,
            3711.519241333008,
            3799.5901107788086,
            3998.0111122131348,
            4081.092596054077,
            4187.086820602417,
            3823.6939907073975,
            3668.8592433929443,
            3745.215654373169,
            3775.18367767334,
            3801.4378547668457,
            3891.308069229126,
            3619.2378997802734,
            3697.934150695801,
            3937.1981620788574,
            3924.1931438446045,
            3969.175100326538,
            4037.792682647705,
            4136.6400718688965,
            4546.1132526397705,
            3950.8614540100098,
            4397.385120391846,
            3863.319158554077,
            3932.192802429199,
            3798.0899810791016,
            3732.398509979248
        ],
        "mse": 1.5065591765666623e-06,
        "rmse": 0.0012274197230640635,
        "mae": 0.0009624886142025712,
        "r2": 0.9976355886315105,
        "log_rmse": 0.0006752008313745503,
        "mape": 0.11766854259469017,
        "prediction_time_ms": 181.9601058959961,
        "per_sample_time_ms": 0.242937391049394,
        "step_rmse": [
            0.001227941606565149,
            0.0012287251721353,
            0.0012294581413922574,
            0.0012302397407217003,
            0.00123065939279405,
            0.0012314856281020017,
            0.0012322029885914285,
            0.001233012584027754,
            0.001233579454300679,
            0.0012338540976309267,
            0.0012332880958799382,
            0.0012325598169668072,
            0.001232622291385078,
            0.0012330808980179299,
            0.0012337882968391268,
            0.0012337813036539136,
            0.0012345396961142045,
            0.0012341335313623583,
            0.0012338992148598412,
            0.0012320241354742787,
            0.0012327728565396927,
            0.0012296626376626348,
            0.0012299934172952845,
            0.0012307808834787358,
            0.0012294215180870293,
            0.0012302504852992997,
            0.0012310169555576035,
            0.0012307452686962496,
            0.0012311992225560572,
            0.0012319787457082914,
            0.0012321037644384815,
            0.0012319165649586517,
            0.001232775917174025,
            0.0012332832598063747,
            0.0012324913823038052,
            0.0012332121887866955,
            0.0012330870750741768,
            0.0012339169906021488,
            0.0012346736348948224,
            0.0012354786905578164,
            0.001236138833456919,
            0.0012368750245268312,
            0.0012377430651367642,
            0.0012385019254878323,
            0.001238759541812385,
            0.0012396400467340198,
            0.0012404454842931335,
            0.0012413286861320558,
            0.001242142612772341,
            0.0012426905855641643,
            0.0012432531070575065,
            0.0012400796996477675,
            0.0012408117570422597,
            0.001241548845753698,
            0.0012406115333850232,
            0.001240140578499083,
            0.0012410307337360246,
            0.0012415843115368115,
            0.0012416048102182097,
            0.0012417741231678704,
            0.001242494297751849,
            0.0012429507193062914,
            0.0012437206086733435,
            0.0012446255965059176,
            0.0012445296443473646,
            0.0012454092577334748,
            0.001245901792419555,
            0.0012468091509097133,
            0.0012476954792293518,
            0.0012484393985546455,
            0.0012492177544366737,
            0.0012493568865082592,
            0.0012494272899413546,
            0.0012503349229202735,
            0.001251159863491219,
            0.0012516947426192398,
            0.0012521006792544044,
            0.001252846149043058,
            0.001253709368640259,
            0.001253615721163394,
            0.001254471116926882,
            0.001255355672755827,
            0.0012556509716317758,
            0.0012549597712033858,
            0.0012557888153614547,
            0.001255932405397616,
            0.0012568374742265007,
            0.0012577389782784066,
            0.001258620829169303,
            0.0012567174220046266
        ],
        "model_complexity": {
            "macs": "48.451M",
            "parameters": "686.951K"
        }
    },
    "Google_5m": {
        "total_train_time_ms": 48526.423931121826,
        "avg_epoch_time_ms": 970.5084657669067,
        "epoch_times_ms": [
            948.2645988464355,
            1037.6667976379395,
            948.2223987579346,
            984.9450588226318,
            925.9054660797119,
            970.1550006866455,
            980.4432392120361,
            1120.64528465271,
            944.4949626922607,
            1004.063606262207,
            983.2868576049805,
            988.1308078765869,
            849.719762802124,
            905.2715301513672,
            1007.2543621063232,
            1002.7587413787842,
            1206.1302661895752,
            855.6191921234131,
            939.4657611846924,
            895.5156803131104,
            979.1076183319092,
            913.6221408843994,
            1037.4324321746826,
            1075.7038593292236,
            1062.3345375061035,
            964.4107818603516,
            940.455436706543,
            1090.0239944458008,
            1105.4291725158691,
            972.4555015563965,
            884.4280242919922,
            925.2192974090576,
            1051.980972290039,
            998.9814758300781,
            986.2003326416016,
            976.0706424713135,
            958.759069442749,
            937.9265308380127,
            941.0200119018555,
            925.7533550262451,
            956.2094211578369,
            941.2598609924316,
            893.8400745391846,
            1013.5958194732666,
            924.6299266815186,
            919.940710067749,
            900.8119106292725,
            939.9800300598145,
            932.9569339752197,
            876.9240379333496
        ],
        "mse": 0.00012298862740520015,
        "rmse": 0.0110900237783875,
        "mae": 0.007995948762782612,
        "r2": 0.9821622283832757,
        "log_rmse": 0.008957787640180306,
        "mape": 4.310677255290002,
        "prediction_time_ms": 28.420209884643555,
        "per_sample_time_ms": 0.21209111854211607,