{
    "Alibaba_30s": {
        "train": {
            "mse": 4.5908606693738665e-05,
            "rmse": 0.006775589029282891,
            "mae": 0.005557576504508796,
            "r2": 0.9921651871660399,
            "log_rmse": 0.005101280422035798,
            "mape": 1.8380753975470625,
            "step_rmse": [
                0.006771692395421766,
                0.006771845174452339,
                0.006772872127836435,
                0.0067730876380290034,
                0.006773488340723839,
                0.006772891877652451,
                0.006773776284072484,
                0.006772721769630646,
                0.006773781163627865,
                0.0067748269939286255,
                0.006775501646522159,
                0.006776465728094624,
                0.006777168050669678,
                0.006777656017392823,
                0.006778621681150673,
                0.006775740808710271,
                0.006776712306211081,
                0.006776435927676305,
                0.006777466748770501,
                0.00677819749685111,
                0.006777832573221002,
                0.006776146533377507,
                0.006777192048137196,
                0.006778127500528607,
                0.006778729382257401,
                0.006778238602892448,
                0.006779284983519142,
                0.006780337320346385,
                0.006781224882966355,
                0.006781755190846876,
                0.006781797466319865,
                0.006780670210898916,
                0.006781719647694322,
                0.0067790263099456695,
                0.006780093566545702,
                0.006777224340721496,
                0.006775312435106397,
                0.006776309679704981,
                0.006777035929270139,
                0.006775463428069888,
                0.006776388024183642,
                0.00677743716272022,
                0.006778348771130122,
                0.006776421643285372,
                0.006777288544519151,
                0.0067760283629032525,
                0.00677536721324357,
                0.006776439753244803,
                0.00677655442961831,
                0.006777279156391892,
                0.006778272823143127,
                0.006778714452794342,
                0.006779763717595742,
                0.006780563713842507,
                0.006781597475027695,
                0.006780790828147199,
                0.006781763452835941,
                0.006782829489608672,
                0.006783256846468325,
                0.006783554626887878,
                0.006781949132830546,
                0.006781756592325334,
                0.006782636194363829,
                0.0067832116091817544,
                0.006783908468845311,
                0.006782856119007935,
                0.006782743604204265,
                0.0067836488203616725,
                0.006784656182527921,
                0.0067843604541760584,
                0.00678248329948127,
                0.006782324896795659,
                0.006783377376463092,
                0.006782950119271885,
                0.006783553733246699,
                0.006779413892818081,
                0.006778756832821366,
                0.006779616310579671,
                0.006778842719149066,
                0.00677989580063892,
                0.006778914822572052,
                0.006779977452739877,
                0.006781060512170803,
                0.006782134275278512,
                0.006777417337680635,
                0.006777365154301629,
                0.006778323650506763,
                0.00677810701336087,
                0.00677636000737458,
                0.006775881607762322
            ]
        },
        "test": {
            "mse": 6.954223737975537e-05,
            "rmse": 0.008339198845198223,
            "mae": 0.006657100088924572,
            "r2": 0.9900144179968885,
            "log_rmse": 0.005670449783775397,
            "mape": 1.5353968905271327,
            "step_rmse": [
                0.008341953300907175,
                0.008346148514527633,
                0.008348110063785271,
                0.00834888647827453,
                0.008351765720107958,
                0.008352728333144826,
                0.008358179506056385,
                0.008363757126075184,
                0.008369403016238241,
                0.008362523036779253,
                0.008367776676711344,
                0.008371371618701353,
                0.008376801863219187,
                0.008382459356592833,
                0.008387022999804476,
                0.00838466295559172,
                0.00838961599368044,
                0.008394572560233321,
                0.008397075287625429,
                0.008393169946487452,
                0.008398486269456594,
                0.008404050731953912,
                0.00840946464437113,
                0.008412241009528554,
                0.008409780100386155,
                0.008402273127359555,
                0.008407331969815227,
                0.008413010785499789,
                0.00841632005663297,
                0.008421383491309248,
                0.008421061898989264,
                0.008426603275645816,
                0.008432480881243466,
                0.008438118789196687,
                0.008438774517881935,
                0.008441618320610982,
                0.008447542567067125,
                0.008440514722577305,
                0.008446330284893232,
                0.008448972936218366,
                0.008447182207356298,
                0.008452197072476743,
                0.008457932594834905,
                0.008463310483455144,
                0.008469187480407316,
                0.00847439680649183,
                0.008479861808603368,
                0.008484096280638632,
                0.00848997753643524,
                0.008485032104091505,
                0.008487392055848515,
                0.008483936935564327,
                0.008483949666825955,
                0.008473332904507441,
                0.008479101989532537,
                0.008484827500373129,
                0.008488757958423349,
                0.00849487419261116,
                0.008500998399398956,
                0.008497201644601845,
                0.00850328438538099,
                0.008500690276579986,
                0.0085054387672608,
                0.008508028842207907,
                0.008512580746838902,
                0.008511130390466614,
                0.00851734081453819,
                0.008521975219327302,
                0.008527879309406268,
                0.008533952450043637,
                0.008539891101004136,
                0.008537406414324827,
                0.008543412372177345,
                0.008548175229557387,
                0.00855330469055609,
                0.008557775725495698,
                0.008563938755625,
                0.008564197793298377,
                0.008569385711195926,
                0.008573840472012918,
                0.008576006968091526,
                0.0085787305817267,
                0.008584835604997105,
                0.008590607683192452,
                0.008596999445388045,
                0.008595710427664785,
                0.008597083042790152,
                0.008595905061918388,
                0.008600105943315868,
                0.008600234875267856
            ]
        },
        "time": {
            "train_time_ms": 212599.08962249756,
            "prediction_time_ms": 34944.36311721802,
            "per_sample_time_ms": 8.83772461234649
        },
        "complexity": {
            "macs": 48451270.0,
            "macs_readable": "48.451M",
            "params": 686951.0,
            "params_readable": "686.951K"
        }
    },
    "Google_5m": {
        "train": {
            "mse": 0.00013057657463408194,
            "rmse": 0.011427010747963876,