{
    "Alibaba_30s": {
        "total_train_time_ms": 452642.76933670044,
        "avg_epoch_time_ms": 9049.40227985382,
        "epoch_times_ms": [
            8465.628147125244,
            7967.291355133057,
            7970.582008361816,
            7936.026573181152,
            7918.096303939819,
            7949.301481246948,
            7883.1446170806885,
            7898.132085800171,
            7958.5301876068115,
            7911.417722702026,
            7891.849040985107,
            7899.4951248168945,
            7927.639007568359,
            7941.407918930054,
            8405.313968658447,
            8984.977960586548,
            9462.127923965454,
            9043.47825050354,
            9525.668382644653,
            9510.456562042236,
            9455.814599990845,
            9441.722631454468,
            9554.527282714844,
            9430.173635482788,
            10079.552412033081,
            9547.966003417969,
            9453.970193862915,
            9571.033954620361,
            9597.720384597778,
            9885.268688201904,
            9634.926795959473,
            9594.273805618286,
            9750.036716461182,
            9580.546617507935,
            9634.161710739136,
            9416.504859924316,
            9595.733404159546,
            9363.340616226196,
            9684.420824050903,
            10231.182336807251,
            10084.3346118927,
            9317.27910041809,
            9152.831554412842,
            9398.635625839233,
            9591.348886489868,
            9432.235717773438,
            9311.22350692749,
            9272.408962249756,
            9080.56926727295,
            8875.804662704468
        ],
        "mse": 2.223790674157662e-06,
        "rmse": 0.0014912379669783297,
        "mae": 0.0011414435733038547,
        "r2": 0.9964905257349851,
        "log_rmse": 0.0008204487844801226,
        "mape": 0.1392082975941223,
        "prediction_time_ms": 171.8130111694336,
        "per_sample_time_ms": 0.23503831897323338,
        "step_rmse": [
            0.0014922398083161788,
            0.0014932622399716972,
            0.0014936023363882496,
            0.001494396193996168,
            0.0014949989563116293,
            0.001495873868875482,
            0.0014969042408304013,
            0.0014979142422940613,
            0.0014988242001035463,
            0.00149948907300053,
            0.001498979719281947,
            0.001494848737996434,
            0.0014952286793261725,
            0.0014944202144894468,
            0.0014907266289061266,
            0.0014895686716834475,
            0.0014903738606482078,
            0.0014902451520102502,
            0.001489415446597127,
            0.0014891662129850138,
            0.0014894612344358027,
            0.0014842759592312237,
            0.0014731979263438839,
            0.001473839115209834,
            0.0014739210715584066,
            0.0014731284575647719,
            0.0014730296137238684,
            0.00147404221827772,
            0.001475089590827297,
            0.0014756871689818206,
            0.0014690893000633117,
            0.0014642330937086967,
            0.00146485910134924,
            0.0014659090588438944,
            0.0014636948902291816,
            0.0014602692275678141,
            0.0014556328057631616,
            0.0014555522042834779,
            0.0014565739359678142,
            0.0014574163577975446,
            0.0014537260253728707,
            0.0014424050259059175,
            0.0014410488543311413,
            0.0014412446102856978,
            0.0014416637015976911,
            0.0014424177997792976,
            0.0014429668619492684,
            0.0014436633612280496,
            0.0014414190917922743,
            0.0014400265628815646,
            0.0014397411389103086,
            0.001440130863423041,
            0.001440909022420063,
            0.0014406801835560672,
            0.0014416612918720874,
            0.0014423974590702243,
            0.0014434402917386034,
            0.0014443599008573734,
            0.0014444428220885526,
            0.0014453893145411807,
            0.001445696909900799,
            0.0014439150330547719,
            0.0014435282111608233,
            0.0014420509600991417,
            0.0014423008996028851,
            0.0014433819291248533,
            0.0014435729553068286,
            0.0014445763728045274,
            0.001445558135878638,
            0.0014466510527683556,
            0.0014473518701946543,
            0.0014483817413771024,
            0.00144911340657479,
            0.0014501719866943745,
            0.0014512678372479077,
            0.001452286371054522,
            0.0014533957055816262,
            0.001454230846740977,
            0.0014536149234908456,
            0.001454294314985589,
            0.0014521474396508546,
            0.0014510165591230207,
            0.0014513229836769987,
            0.001450783480417713,
            0.0014513295763510447,
            0.0014486758507103266,
            0.001449192652657893,
            0.0014491713268051524,
            0.0014502989174922242,
            0.0014469562388959108
        ]
    },
    "Google_5m": {
        "total_train_time_ms": 91405.4753780365,
        "avg_epoch_time_ms": 1823.5142803192139,
        "epoch_times_ms": [
            1874.7572898864746,
            1950.9327411651611,
            2103.5056114196777,
            1866.2619590759277,
            1859.1666221618652,
            1849.4880199432373,
            1944.1382884979248,
            1845.4396724700928,
            1820.5029964447021,
            1872.096300125122,
            1847.1803665161133,
            1834.242582321167,
            1904.247760772705,
            1833.3160877227783,
            1846.0109233856201,
            1838.6890888214111,
            1792.1793460845947,
            1785.675048828125,
            1702.146291732788,
            1706.8443298339844,
            1782.6449871063232,
            1856.0798168182373,
            1870.8789348602295,
            1888.5724544525146,
            1828.7837505340576,
            1819.5521831512451,
            1815.0582313537598,
            1826.8074989318848,
            1768.620252609253,
            1778.782606124878,
            1718.653678894043,
            1719.5043563842773,
            1724.4987487792969,
            1701.9481658935547,
            1774.57594871521,
            1803.4896850585938,
            1828.9992809295654,
            1869.886875152588,
            1846.8656539916992,
            1812.9360675811768,
            1882.7910423278809,
            1842.0093059539795,
            1845.4043865203857,
            1749.1741180419922,
            1720.3137874603271,
            1733.677625656128,
            1786.4277362823486,
            1816.2157535552979,
            1827.5609016418457,
            1858.1788539886475
        ],
        "mse": 0.00022785819553869223,
        "rmse": 0.015094972525271194,
        "mae": 0.010635966382234718,
        "r2": 0.9695738252269118,
        "log_rmse": 0.01183701828015754,
        "mape": 4.673723483344374,
        "prediction_time_ms": 24.247169494628906,
        "per_sample_time_ms": 0.24247169494628906,