{
    "Alibaba_30s": {
        "total_train_time_ms": 229659.9042415619,
        "avg_epoch_time_ms": 4591.1457443237305,
        "epoch_times_ms": [
            4861.596345901489,
            4440.517902374268,
            4379.069089889526,
            4409.8310470581055,
            4407.430648803711,
            4452.2294998168945,
            4359.44390296936,
            4422.433376312256,
            4373.2593059539795,
            4445.62029838562,
            4496.091842651367,
            4475.835561752319,
            4454.606533050537,
            4609.502553939819,
            4731.341600418091,
            4626.352310180664,
            4661.019086837769,
            4617.626905441284,
            4723.163843154907,
            4712.508201599121,
            4620.9869384765625,
            4637.61568069458,
            4513.102293014526,
            4780.07173538208,
            4561.2123012542725,
            5014.24241065979,
            4675.940275192261,
            4690.510988235474,
            4653.076887130737,
            4839.151382446289,
            4652.639150619507,
            4671.989917755127,
            4535.513401031494,
            4539.6482944488525,
            4675.992012023926,
            4544.27170753479,
            4632.330894470215,
            4627.295732498169,
            4632.542133331299,
            4478.209495544434,
            4588.54603767395,
            4558.475017547607,
            4542.341232299805,
            4614.746332168579,
            4589.172601699829,
            4617.62547492981,
            4561.440467834473,
            4620.746850967407,
            4579.837799072266,
            4648.531913757324
        ],
        "mse": 0.0006839160435577475,
        "rmse": 0.026151788534586835,
        "mae": 0.019171487869328936,
        "r2": 0.9180677897578585,
        "log_rmse": 0.01831098281403215,
        "mape": 4.642558381729643,
        "prediction_time_ms": 172.09768295288086,
        "per_sample_time_ms": 0.23542774685756615,
        "step_rmse": [
            0.0261684319138311,
            0.026186373410867277,
            0.026199947979879994,
            0.02620823422488422,
            0.026226129838736664,
            0.026240762400372892,
            0.026257812611610365,
            0.02627284940821335,
            0.02628663114464342,
            0.026298371955863653,
            0.026315950500954984,
            0.02628225126782604,
            0.026299360478403234,
            0.02630473749961256,
            0.02628955639103325,
            0.026295101509697754,
            0.026227761839464202,
            0.026245911498211004,
            0.02625063686729918,
            0.02625967863940574,
            0.026248527385169577,
            0.026262736305144002,
            0.026273726079945176,
            0.02628857882019583,
            0.026307120293174474,
            0.026324096269788377,
            0.02634214355094822,
            0.02635578921751631,
            0.026359806371852132,
            0.026378598071758866,
            0.02636049168151329,
            0.02637890318077817,
            0.026396260871283935,
            0.02641203061158644,
            0.026380687019734644,
            0.02632776031950796,
            0.026342458163769546,
            0.026348095458185325,
            0.026366206315721594,
            0.026382838653971973,
            0.02639270435421007,
            0.026410408777032785,
            0.026381666104808587,
            0.026392358566304085,
            0.02640951958205487,
            0.02642474404018665,
            0.026435605044860932,
            0.026454950512916388,
            0.0264703591344598,
            0.026489569970273855,
            0.02642939990083826,
            0.026448749891332363,
            0.02645382419017968,
            0.02647306387686927,
            0.02648595876909724,
            0.02650553507402746,
            0.02652069983152065,
            0.026535116948857053,
            0.02655416670772918,
            0.026563531431463422,
            0.02658168579828943,
            0.02659778815000678,
            0.026613338434343825,
            0.026596916712129236,
            0.02660693330307906,
            0.026618628324209498,
            0.02663578585446905,
            0.02665583707227926,
            0.026634278247771582,
            0.026650292258638953,
            0.02666684366353196,
            0.02668125077105302,
            0.026696400378954287,
            0.02671521152996214,
            0.026731573390309227,
            0.02674903659853134,
            0.026767938133625463,
            0.026787561640813713,
            0.026719513261803093,
            0.026737043500267593,
            0.026756303968287574,
            0.02676135355301337,
            0.026645965184104767,
            0.026644962321040865,
            0.026665515861023427,
            0.02667406851943249,
            0.026680030503514432,
            0.02669108040708913,
            0.02671184666107983,
            0.026610054212254958
        ]
    },
    "Google_5m": {
        "total_train_time_ms": 44696.97952270508,
        "avg_epoch_time_ms": 890.1640367507935,
        "epoch_times_ms": [
            932.8620433807373,
            919.3699359893799,
            872.4236488342285,
            872.495174407959,
            948.8804340362549,
            967.7369594573975,
            983.741044998169,
            1045.61448097229,
            866.241455078125,
            936.5861415863037,
            867.2153949737549,
            878.9360523223877,
            869.7445392608643,
            836.1825942993164,
            857.3544025421143,
            955.0540447235107,
            1010.061502456665,
            864.283561706543,
            959.2685699462891,
            888.5610103607178,
            909.1231822967529,
            900.0911712646484,
            899.5058536529541,
            871.1159229278564,
            852.5879383087158,
            845.1559543609619,
            867.9313659667969,
            870.5642223358154,
            851.3350486755371,
            835.6976509094238,
            860.4145050048828,
            839.2045497894287,
            911.1185073852539,
            849.3225574493408,
            868.6380386352539,
            856.4894199371338,
            935.4672431945801,
            963.7496471405029,
            935.1513385772705,
            852.5598049163818,
            845.8385467529297,
            838.8059139251709,
            920.0801849365234,
            863.3208274841309,
            912.2757911682129,
            848.1955528259277,
            851.5322208404541,
            836.6115093231201,
            846.7626571655273,
            836.9417190551758
        ],
        "mse": 0.001918460108411278,
        "rmse": 0.043800229547472445,
        "mae": 0.033995840939807315,
        "r2": 0.42837026217131413,
        "log_rmse": 0.03715321688111258,
        "mape": 23.247110317210836,
        "prediction_time_ms": 21.489381790161133,
        "per_sample_time_ms": 0.21489381790161133,