{
    "Alibaba_30s": {
        "total_train_time_ms": 481437.77561187744,
        "avg_epoch_time_ms": 9625.609498023987,
        "epoch_times_ms": [
            11012.144088745117,
            10614.351749420166,
            10840.803623199463,
            12031.699180603027,
            11258.739709854126,
            10001.255512237549,
            9167.320251464844,
            9209.213733673096,
            9819.337129592896,
            9457.252979278564,
            9655.102491378784,
            9442.440271377563,
            9290.01784324646,
            8960.614442825317,
            9393.126964569092,
            10232.367992401123,
            9348.182439804077,
            10557.574033737183,
            9442.87395477295,
            9095.557928085327,
            9486.489534378052,
            10842.27967262268,
            9174.12781715393,
            11037.84441947937,
            9860.925436019897,
            9675.875902175903,
            9500.327587127686,
            9952.844381332397,
            9499.67646598816,
            9844.034910202026,
            9596.152544021606,
            10063.458442687988,
            9012.464046478271,
            8698.79150390625,
            8695.358276367188,
            8884.847402572632,
            8738.625764846802,
            10090.91567993164,
            10271.917343139648,
            9252.116918563843,
            9217.883110046387,
            9212.004899978638,
            8945.068359375,
            8884.976148605347,
            9035.094738006592,
            9101.476907730103,
            9057.591438293457,
            8953.11188697815,
            8926.915884017944,
            8937.30115890503
        ],
        "mse": 5.449610919556476e-05,
        "rmse": 0.007382148006885581,
        "mae": 0.005913889316233513,
        "r2": 0.9931045612815886,
        "log_rmse": 0.005158819079582901,
        "mape": 1.4264083533103857,
        "prediction_time_ms": 158.17022323608398,
        "per_sample_time_ms": 0.2163751343858878,
        "step_rmse": [
            0.007387033566349937,
            0.00739055431868237,
            0.007395129596930095,
            0.007400213116476064,
            0.007405212386235606,
            0.007410276368504008,
            0.00741438639277105,
            0.007417303007439885,
            0.007420081038513506,
            0.007424767835599252,
            0.007426214217352823,
            0.007425612937754061,
            0.007410030407712596,
            0.007408314297052143,
            0.007408627766808223,
            0.007412153599197775,
            0.007410636787784688,
            0.007407323124117566,
            0.007407553760697049,
            0.007410321536317702,
            0.0074146777198865815,
            0.0074198876926468505,
            0.007421256817262871,
            0.007420421920575554,
            0.007422368495573207,
            0.0074241037340987215,
            0.007429349062829178,
            0.0074322439193645765,
            0.007435912478007803,
            0.007438375565388545,
            0.007443448577474125,
            0.007442236866261685,
            0.007446937801287445,
            0.007452237309782043,
            0.007455733600997494,
            0.0074604662321115485,
            0.0074635954294177175,
            0.007467821507372982,
            0.007466321565641266,
            0.007466630733346707,
            0.007471900212998739,
            0.007476813321230523,
            0.007471322593913575,
            0.007476351390152327,
            0.007480393400444759,
            0.007482928180602583,
            0.007481130191110954,
            0.00748453895853341,
            0.00748041874947629,
            0.007485489322256621,
            0.007484052960592114,
            0.007485649997858347,
            0.007485760015120923,
            0.007491149843147493,
            0.00749668305992621,
            0.007501325004465767,
            0.007500050416061694,
            0.007505447064241138,
            0.007511029069328127,
            0.007515752638948331,
            0.007516462689189424,
            0.007518560561407993,
            0.0075162699793628945,
            0.007513383270986615,
            0.007518939188681633,
            0.007523970297357259,
            0.007529581527770489,
            0.007533467716898581,
            0.007538671744924436,
            0.0075428574174355115,
            0.007548566307387108,
            0.0075534128842593235,
            0.007559146681696923,
            0.0075648855698315885,
            0.0075670660143552435,
            0.00756603074461625,
            0.007566853610843274,
            0.007568454971780219,
            0.007568024726876225,
            0.007559262554170603,
            0.007561958065521875,
            0.007560202817752878,
            0.00756186741206238,
            0.007567356983777271,
            0.007573209356431497,
            0.007568459039487917,
            0.007570510002087883,
            0.0075761819430655635,
            0.007575692594190403,
            0.00757632902269987
        ],
        "macs": 55590150.0,
        "macs_readable": "55.590M",
        "params": 789063.0,
        "params_readable": "789.063K"
    },
    "Google_5m": {
        "total_train_time_ms": 90208.1651687622,
        "avg_epoch_time_ms": 1799.7175693511963,
        "epoch_times_ms": [
            1834.0868949890137,
            1830.4872512817383,
            1754.641056060791,
            1798.2831001281738,
            2099.9696254730225,
            2002.0687580108643,
            1898.2479572296143,
            1778.7792682647705,
            1936.6035461425781,
            1927.9601573944092,
            1884.8750591278076,
            1767.868995666504,
            1821.298599243164,
            1733.2684993743896,
            1846.2891578674316,
            1842.8318500518799,
            1818.50266456604,
            1731.9684028625488,
            1705.6806087493896,
            1749.9032020568848,
            1757.3862075805664,
            1782.780647277832,
            1727.1347045898438,
            1771.5139389038086,
            1731.7888736724854,
            1767.7152156829834,
            1781.1532020568848,
            1814.0385150909424,
            1821.1045265197754,
            1748.6460208892822,
            1773.8096714019775,
            1757.1580410003662,
            1867.4242496490479,
            1746.171236038208,
            1699.6040344238281,
            1764.451026916504,
            1770.019769668579,
            1765.5396461486816,
            1843.4514999389648,
            1794.77858543396,
            1787.5332832336426,
            1823.3222961425781,
            1811.9535446166992,
            1733.3827018737793,
            1787.825584411621,
            1742.1956062316895,
            1717.452049255371,
            1749.7954368591309,
            1857.9726219177246,
            1725.161075592041
        ],
        "mse": 0.00011505776360791524,
        "rmse": 0.010726498198755978,
        "mae": 0.00844637012480146,
        "r2": 0.949886098197379,
        "log_rmse": 0.009119082695859988,
        "mape": 5.144826297912424,
        "prediction_time_ms": 24.557828903198242,
        "per_sample_time_ms": 0.24557828903198242,