{
    "Alibaba_30s": {
        "total_train_time_ms": 234405.31826019287,
        "avg_epoch_time_ms": 4685.048584938049,
        "epoch_times_ms": [
            4980.293035507202,
            4577.481031417847,
            4627.959966659546,
            5212.616205215454,
            4877.588987350464,
            4577.5909423828125,
            4643.914222717285,
            4613.83056640625,
            4669.498920440674,
            4639.235019683838,
            4668.50733757019,
            4680.628061294556,
            4472.6269245147705,
            4677.833795547485,
            4668.804168701172,
            4710.294961929321,
            4661.952495574951,
            4827.35013961792,
            4607.292413711548,
            4698.379278182983,
            4630.973100662231,
            4618.8201904296875,
            4668.5075759887695,
            4641.601800918579,
            4738.938331604004,
            4667.001724243164,
            4678.331136703491,
            4731.266975402832,
            4643.214464187622,
            4645.530223846436,
            4637.638568878174,
            4587.760448455811,
            4578.6097049713135,
            4675.101041793823,
            4594.063758850098,
            4607.887268066406,
            4613.173007965088,
            4602.750778198242,
            4406.692981719971,
            4441.514015197754,
            4444.668531417847,
            4681.196689605713,
            4999.341011047363,
            4650.596380233765,
            4642.040252685547,
            4595.791339874268,
            4702.231407165527,
            4571.245431900024,
            5686.24210357666,
            4776.020526885986
        ],
        "mse": 3.023375051934979e-05,
        "rmse": 0.005498522576051661,
        "mae": 0.004222613967858219,
        "r2": 0.9538391408492399,
        "log_rmse": 0.003014291394239565,
        "mape": 0.5137375271338296,
        "prediction_time_ms": 179.7339916229248,
        "per_sample_time_ms": 0.24587413354709275,
        "step_rmse": [
            0.005499870988598669,
            0.005503610303035364,
            0.0055030488539324135,
            0.005506427628872451,
            0.005503304884398954,
            0.0055063784297097115,
            0.005501911372664369,
            0.005505559419259053,
            0.005507866371791522,
            0.005510629779078591,
            0.005510707333019561,
            0.0055120512970993196,
            0.00551526270840093,
            0.005504597644617192,
            0.005504132315654441,
            0.005500431476492909,
            0.005504066475628482,
            0.005481870893979116,
            0.005469964886498737,
            0.005465459434299694,
            0.00546871301390329,
            0.005464727390930642,
            0.005467478768950802,
            0.005451930924917014,
            0.00542181897269333,
            0.005425550788316987,
            0.005427739704623443,
            0.005431300208423779,
            0.005428222714300956,
            0.005432092625446258,
            0.0054265785771102255,
            0.005430335711367899,
            0.00541518913145552,
            0.0054084794277162295,
            0.005344303511474517,
            0.00532044854340041,
            0.005324191775762865,
            0.00532777298365377,
            0.005325795652003719,
            0.0053285130450830675,
            0.005328110093001161,
            0.005331940470440568,
            0.005335721572723278,
            0.005333900241468749,
            0.005333590230379345,
            0.005335787545695425,
            0.005338964774024277,
            0.0053412745063751346,
            0.00533992538357061,
            0.005341688418520824,
            0.005341884635156623,
            0.005345791936755717,
            0.005349720615542356,
            0.005353105649582407,
            0.005357062579429198,
            0.005360226423180001,
            0.005361209972377502,
            0.00536514763849429,
            0.005368027492562886,
            0.005370905670373441,
            0.005372186261870797,
            0.005371322269716575,
            0.00537532331489478,
            0.005376927674977928,
            0.005380470780150856,
            0.005384337284002788,
            0.005387992383516815,
            0.005392043000641813,
            0.005382183240030901,
            0.005383590603998779,
            0.005385628409439346,
            0.005384326601241499,
            0.005380652248891124,
            0.005384740274277843,
            0.005388742534529358,
            0.005389111829133314,
            0.005392298413841551,
            0.0053964145434725035,
            0.005400448766381417,
            0.005401571305956866,
            0.00539779592544008,
            0.005389106263317498,
            0.005384501524923242,
            0.0053638217051658775,
            0.0053664334325216395,
            0.005365545157468118,
            0.005369152038341606,
            0.005373281927425608,
            0.0053696513752726415,
            0.005352122633557302
        ]
    },
    "Google_5m": {
        "total_train_time_ms": 47473.26469421387,
        "avg_epoch_time_ms": 945.3668642044067,
        "epoch_times_ms": [
            948.728084564209,
            976.9287109375,
            1007.7254772186279,
            986.8836402893066,
            921.2889671325684,
            904.6211242675781,
            907.9806804656982,
            904.9584865570068,
            905.555248260498,
            898.749828338623,
            894.2081928253174,
            888.5641098022461,
            893.883466720581,
            985.0635528564453,
            928.0598163604736,
            988.666296005249,
            959.3470096588135,
            1030.247688293457,
            1042.1009063720703,
            922.6698875427246,
            891.9460773468018,
            945.3063011169434,
            896.756649017334,
            913.0501747131348,
            960.5998992919922,
            910.9315872192383,
            906.1191082000732,
            905.4691791534424,
            910.679817199707,
            992.4361705780029,
            911.0758304595947,
            911.4866256713867,
            919.33274269104,
            918.6623096466064,
            958.4217071533203,
            1062.603235244751,
            1148.6461162567139,
            1052.351713180542,
            1057.861089706421,
            993.7012195587158,
            1084.7854614257812,
            989.1903400421143,
            885.5295181274414,
            873.5826015472412,
            882.6053142547607,
            1096.149206161499,
            847.0280170440674,
            849.3044376373291,
            883.5289478302002,
            812.9706382751465
        ],
        "mse": 0.0023373086220062566,
        "rmse": 0.048345719789928215,
        "mae": 0.03501720105230874,
        "r2": 0.7357668262158286,
        "log_rmse": 0.038484752902963784,
        "mape": 16.25915078526,
        "prediction_time_ms": 20.422935485839844,
        "per_sample_time_ms": 0.20422935485839844,