{
    "Alibaba_30s": {
        "total_train_time_ms": 237861.49072647095,
        "avg_epoch_time_ms": 4753.170099258423,
        "epoch_times_ms": [
            4943.521022796631,
            4807.6465129852295,
            4622.839689254761,
            4525.339365005493,
            4483.56819152832,
            4482.654809951782,
            4364.879369735718,
            4379.622459411621,
            4397.465705871582,
            4616.533994674683,
            4717.079877853394,
            4594.1455364227295,
            4769.455671310425,
            4688.264608383179,
            4841.200351715088,
            4636.277437210083,
            4655.725955963135,
            4617.37585067749,
            4587.832450866699,
            4678.2965660095215,
            4675.893068313599,
            4626.708984375,
            4606.474876403809,
            4738.901853561401,
            4269.958734512329,
            4515.330791473389,
            4695.825576782227,
            4643.7036991119385,
            4664.224624633789,
            4653.992414474487,
            4769.228458404541,
            4556.912660598755,
            4464.46418762207,
            4410.676956176758,
            4475.931406021118,
            4341.054677963257,
            4571.799516677856,
            4546.217679977417,
            4535.022735595703,
            5260.789394378662,
            5221.558570861816,
            5329.246759414673,
            5317.702770233154,
            5335.282564163208,
            5354.112386703491,
            5270.622730255127,
            5392.230987548828,
            5183.953762054443,
            5482.356786727905,
            5338.599920272827
        ],
        "mse": 2.166398113349244e-06,
        "rmse": 0.0014718689185349502,
        "mae": 0.0011473252491595268,
        "r2": 0.9965810997793415,
        "log_rmse": 0.0008077071629036807,
        "mape": 0.13953720220015892,
        "prediction_time_ms": 172.1324920654297,
        "per_sample_time_ms": 0.23547536534258506,
        "step_rmse": [
            0.0014722965826328537,
            0.0014729765514496771,
            0.001471639246180718,
            0.001471115801253179,
            0.0014689804710402868,
            0.0014698912320236085,
            0.001470076058351563,
            0.0014710250520606925,
            0.001470791766167387,
            0.0014717914007970152,
            0.0014726469151561715,
            0.0014708276190453107,
            0.0014717628808132712,
            0.0014720374036596932,
            0.0014726028289587412,
            0.0014729752005155446,
            0.0014739829512048822,
            0.0014738959321275481,
            0.0014736736473779002,
            0.0014719253322551674,
            0.0014728673119288821,
            0.0014718806953782592,
            0.001462016230173941,
            0.0014627974583186856,
            0.001462934272710425,
            0.0014639642670911093,
            0.0014602063476783643,
            0.0014612338452703213,
            0.0014615933155610176,
            0.0014622038450114545,
            0.0014504430420665352,
            0.001444774934553431,
            0.00144459085996531,
            0.0014453210184629886,
            0.0014429151731793668,
            0.0014418899562033181,
            0.001440384997275186,
            0.0014414234589428224,
            0.0014407199125301424,
            0.0014397345831639098,
            0.0014388798416603709,
            0.0014320598772466098,
            0.0014319620701103574,
            0.0014314695321394429,
            0.0014314174500057127,
            0.001432282677990299,
            0.0014322408053282333,
            0.0014332782904984578,
            0.0014333353996341012,
            0.0014338536663898501,
            0.001434880450141663,
            0.0014359143186030271,
            0.0014368061498285672,
            0.0014378403141354732,
            0.0014386564813886902,
            0.0014393763429023986,
            0.0014403676814746926,
            0.0014411056590674049,
            0.00144124940998702,
            0.0014418392865716047,
            0.0014428973852112128,
            0.0014431469865994354,
            0.0014437964482048639,
            0.0014433321770207731,
            0.00144427697163706,
            0.0014450868806544276,
            0.0014440228758255062,
            0.0014448875483512396,
            0.0014456580783570887,
            0.0014467486632494964,
            0.0014476454224702738,
            0.0014487211057133769,
            0.0014496157890825667,
            0.0014507181146698783,
            0.0014518206366735168,
            0.00145288592984519,
            0.001453972352846586,
            0.0014545049043425207,
            0.001453155500759383,
            0.0014539253098136784,
            0.001452570321390318,
            0.001451957006064736,
            0.001452509267753068,
            0.001452744181762711,
            0.001453847885385788,
            0.0014526533142345415,
            0.0014537792085104675,
            0.0014531223201317241,
            0.0014542490318834303,
            0.0014531311842609098
        ]
    },
    "Google_5m": {
        "total_train_time_ms": 52262.03417778015,
        "avg_epoch_time_ms": 1040.7757759094238,
        "epoch_times_ms": [
            1035.4058742523193,
            1005.8832168579102,
            1040.543794631958,
            1080.378532409668,
            1067.988634109497,
            1004.4829845428467,
            1145.9274291992188,
            1080.9988975524902,
            1059.1161251068115,
            1077.2716999053955,
            992.1777248382568,
            1031.1095714569092,
            1056.5719604492188,
            1099.3046760559082,
            1058.3508014678955,
            1060.4593753814697,
            1081.8657875061035,
            981.9736480712891,
            1047.149419784546,
            1018.4144973754883,
            989.8016452789307,
            1007.4722766876221,
            1034.348487854004,
            1095.2305793762207,
            1031.3060283660889,
            1041.7053699493408,
            1073.9247798919678,
            1085.8404636383057,
            995.5272674560547,
            1034.7552299499512,
            1028.658390045166,
            1005.5804252624512,
            1040.0636196136475,
            1003.4990310668945,
            1028.0230045318604,
            1009.0110301971436,
            990.8280372619629,
            1013.5786533355713,
            1070.969581604004,
            1025.5625247955322,
            1058.2289695739746,
            1043.8601970672607,
            1094.8419570922852,
            1046.3547706604004,
            1023.8621234893799,
            994.9207305908203,
            1048.6454963684082,
            1048.1340885162354,
            1050.6081581115723,
            998.2712268829346
        ],
        "mse": 0.000177148590500006,
        "rmse": 0.013309717897085798,
        "mae": 0.009576447876432224,
        "r2": 0.9763451388587683,
        "log_rmse": 0.010461179779911269,
        "mape": 4.290814507181073,
        "prediction_time_ms": 25.907516479492188,
        "per_sample_time_ms": 0.2590751647949219,