{
    "Alibaba_30s": {
        "total_train_time_ms": 229125.2727508545,
        "avg_epoch_time_ms": 4579.433517456055,
        "epoch_times_ms": [
            5404.506683349609,
            4926.753759384155,
            4734.975337982178,
            4701.977491378784,
            4607.8503131866455,
            4712.552070617676,
            4681.498289108276,
            4721.871376037598,
            4637.605428695679,
            4665.276050567627,
            4889.285087585449,
            4830.8069705963135,
            4595.633268356323,
            4462.225437164307,
            4677.966117858887,
            4397.456169128418,
            4633.017063140869,
            4634.976863861084,
            4612.236738204956,
            4539.687633514404,
            4559.067726135254,
            4514.989614486694,
            4792.499542236328,
            4392.808675765991,
            4444.047689437866,
            4335.5841636657715,
            4318.824052810669,
            4320.023059844971,
            4294.840574264526,
            4319.722652435303,
            4482.594728469849,
            4673.803091049194,
            4664.24036026001,
            4481.6319942474365,
            4617.0384883880615,
            4514.183044433594,
            4619.78554725647,
            4492.333650588989,
            4440.254211425781,
            4374.729633331299,
            4478.174209594727,
            4510.344743728638,
            4500.249624252319,
            4440.869569778442,
            4594.664096832275,
            4386.790990829468,
            4541.246652603149,
            4589.769601821899,
            4541.816711425781,
            4666.589021682739
        ],
        "mse": 4.020606687444716e-05,
        "rmse": 0.006340825409554119,
        "mae": 0.004708030657746519,
        "r2": 0.9949126924044026,
        "log_rmse": 0.004369115799443398,
        "mape": 1.1377511577832904,
        "prediction_time_ms": 171.24414443969727,
        "per_sample_time_ms": 0.23426011551258175,
        "step_rmse": [
            0.006344709905119503,
            0.006348886077826712,
            0.006353170509964541,
            0.006355317791860705,
            0.006359284781517724,
            0.006363558239915524,
            0.006363073750777586,
            0.006367427503142295,
            0.006369663472061006,
            0.006374079106389167,
            0.006378113490407918,
            0.006377369498778151,
            0.006359958882340521,
            0.006358528683994278,
            0.006362731951204228,
            0.006367176601022025,
            0.00636843631729846,
            0.006368535282764095,
            0.006371759703263539,
            0.006375971863034774,
            0.006380459411933891,
            0.006383231597649452,
            0.006387647874648833,
            0.006389370404981376,
            0.0063934531539444625,
            0.006397959911686668,
            0.006400492194135185,
            0.0063961527649924015,
            0.006400706732249028,
            0.0064037983735139555,
            0.0064072569537307516,
            0.006391740793857983,
            0.006392499505471824,
            0.006396963569862642,
            0.0063945416222846545,
            0.006398383491535282,
            0.006400190000818353,
            0.006402148278294668,
            0.0064016716897090575,
            0.0063986278441329454,
            0.006403252211135861,
            0.006404945639858762,
            0.006401782274158299,
            0.006405378248546451,
            0.0064100445460603195,
            0.006412810684864685,
            0.006409022560845393,
            0.006413659273084567,
            0.006415462997026693,
            0.006418577215386831,
            0.006418191372958301,
            0.006422092513861182,
            0.0064258357564383126,
            0.0064305798127880336,
            0.00643500026228974,
            0.006439429434019384,
            0.006442339702957535,
            0.006446101119200712,
            0.006449587213439272,
            0.006454177234720411,
            0.0064566341515079366,
            0.006461112719474678,
            0.0064616978220512844,
            0.006457376618642275,
            0.0064617308928913335,
            0.006464726045173521,
            0.0064689208144079816,
            0.006468522222263752,
            0.006471659846073366,
            0.006476353310374912,
            0.006481041910240506,
            0.006482436803062118,
            0.006486806094234741,
            0.006491542513495765,
            0.006495638744076075,
            0.006495981938062645,
            0.006496191885398267,
            0.00649363310692541,
            0.006497830515016528,
            0.006484950119721255,
            0.006488385470631737,
            0.006492850853932896,
            0.006494034954046551,
            0.006498334124801907,
            0.00650026347350761,
            0.006498708324875922,
            0.006500028417647465,
            0.006498082265841572,
            0.006502788528489601,
            0.006497255214912178
        ]
    },
    "Google_5m": {
        "total_train_time_ms": 43966.787815093994,
        "avg_epoch_time_ms": 875.1965713500977,
        "epoch_times_ms": [
            1007.6606273651123,
            838.7694358825684,
            864.8014068603516,
            855.2823066711426,
            852.7538776397705,
            842.6549434661865,
            908.2629680633545,
            914.6513938903809,
            861.5891933441162,
            839.6182060241699,
            895.6785202026367,
            866.3003444671631,
            883.4314346313477,
            858.8278293609619,
            836.6293907165527,
            839.4174575805664,
            873.2037544250488,
            821.9075202941895,
            927.0801544189453,
            849.8640060424805,
            868.8750267028809,
            892.9622173309326,
            841.3047790527344,
            877.2611618041992,
            909.8236560821533,
            882.4272155761719,
            908.5407257080078,
            864.393949508667,
            872.3869323730469,
            870.6796169281006,
            880.1474571228027,
            873.7132549285889,
            868.0152893066406,
            872.0302581787109,
            871.2460994720459,
            904.7183990478516,
            871.3853359222412,
            884.0072154998779,
            871.8905448913574,
            868.3373928070068,
            884.0148448944092,
            867.7365779876709,
            873.8358020782471,
            881.9012641906738,
            868.9165115356445,
            870.1746463775635,
            864.3753528594971,
            914.3259525299072,
            870.9485530853271,
            871.0677623748779
        ],
        "mse": 0.00013108526509697657,
        "rmse": 0.011449247359410861,
        "mae": 0.009060685958868601,
        "r2": 0.9429052512681683,
        "log_rmse": 0.009730980270476577,
        "mape": 5.61980966762244,
        "prediction_time_ms": 24.14989471435547,
        "per_sample_time_ms": 0.2414989471435547,